Time,Status
11:25:14,Mask
11:25:14,No Mask
11:25:14,Mask
11:25:14,No Mask
11:25:14,Mask
11:25:14,No Mask
11:25:14,No Mask
11:25:14,Mask
11:25:14,No Mask
11:25:14,Mask
11:25:15,No Mask
11:25:15,No Mask
11:25:15,No Mask
11:25:15,No Mask
11:25:15,No Mask
11:25:15,No Mask
11:25:15,Mask
11:25:15,No Mask
11:25:15,No Mask
11:25:15,No Mask
11:25:15,No Mask
11:25:15,No Mask
11:25:15,Mask
11:25:15,Mask
11:25:15,Mask
11:25:15,Mask
11:25:15,Mask
11:25:15,Mask
11:25:15,Mask
11:25:15,Mask
11:25:15,Mask
11:25:15,Mask
11:25:15,Mask
11:25:16,Mask
11:25:16,Mask
11:25:16,Mask
11:25:16,Mask
11:25:16,Mask
11:25:16,Mask
11:25:16,Mask
11:25:16,Mask
11:25:16,Mask
11:25:16,Mask
11:25:16,Mask
11:25:16,Mask
11:25:16,Mask
11:25:16,Mask
11:25:16,Mask
11:25:16,Mask
11:25:16,Mask
11:25:16,Mask
11:25:17,Mask
11:25:17,Mask
11:25:17,Mask
11:25:17,Mask
11:25:17,Mask
11:25:17,Mask
11:25:17,Mask
11:25:17,Mask
11:25:17,Mask
11:25:17,Mask
11:25:17,Mask
11:25:17,Mask
11:25:17,Mask
11:25:17,Mask
11:25:17,Mask
11:25:17,Mask
11:25:17,Mask
11:25:17,Mask
11:25:17,Mask
11:25:18,Mask
11:25:18,Mask
11:25:18,Mask
11:25:18,Mask
11:25:18,Mask
11:25:18,Mask
11:25:18,Mask
11:25:18,Mask
11:25:18,Mask
11:25:18,Mask
11:25:18,No Mask
11:25:18,Mask
11:25:18,Mask
11:25:18,Mask
11:25:18,Mask
11:25:18,No Mask
11:25:18,Mask
11:25:18,Mask
11:25:19,Mask
11:25:19,Mask
11:25:19,Mask
11:25:19,Mask
11:25:19,Mask
11:25:19,No Mask
11:25:19,Mask
11:25:19,Mask
11:25:19,No Mask
11:25:19,No Mask
11:25:19,No Mask
11:25:19,No Mask
11:25:19,No Mask
11:25:19,No Mask
11:25:19,No Mask
11:25:19,No Mask
11:25:19,No Mask
11:25:19,Mask
11:25:19,No Mask
11:25:19,Mask
11:25:20,No Mask
11:25:20,No Mask
11:25:20,Mask
11:25:20,Mask
11:25:20,No Mask
11:25:20,Mask
11:25:20,Mask
11:25:20,No Mask
11:25:20,No Mask
11:25:20,No Mask
11:25:20,No Mask
11:25:20,Mask
11:25:20,No Mask
11:25:20,No Mask
11:25:20,No Mask
11:25:20,No Mask
11:25:20,No Mask
11:25:20,No Mask
11:25:20,No Mask
11:25:20,No Mask
11:25:20,No Mask
11:25:20,No Mask
11:25:21,No Mask
11:25:21,No Mask
11:25:21,No Mask
11:25:21,No Mask
11:25:21,No Mask
11:25:21,No Mask
11:25:21,No Mask
11:25:21,No Mask
11:25:21,No Mask
11:25:21,No Mask
11:25:21,Mask
11:25:21,Mask
11:25:21,Mask
11:25:21,Mask
11:25:21,Mask
11:25:21,Mask
11:25:21,Mask
11:25:22,No Mask
11:25:22,Mask
11:25:22,Mask
11:25:22,Mask
11:25:22,No Mask
11:25:22,Mask
11:25:22,Mask
11:25:22,Mask
11:25:22,Mask
11:25:22,Mask
11:25:22,Mask
11:25:22,Mask
11:25:22,Mask
11:25:22,Mask
11:25:22,Mask
11:25:22,Mask
11:25:22,Mask
11:25:23,Mask
11:25:23,Mask
11:25:23,Mask
11:25:23,Mask
11:25:23,Mask
11:25:23,Mask
11:25:23,Mask
11:25:23,Mask
11:25:23,Mask
11:25:23,Mask
11:25:23,Mask
11:25:23,Mask
11:25:23,Mask
11:25:23,Mask
11:25:23,No Mask
11:25:23,Mask
11:25:23,Mask
11:25:23,No Mask
11:25:24,Mask
11:25:24,No Mask
11:25:24,Mask
11:25:24,Mask
11:25:24,No Mask
11:25:24,Mask
11:25:24,No Mask
11:25:24,Mask
11:25:24,No Mask
11:25:24,No Mask
11:25:24,Mask
11:25:24,No Mask
11:25:24,Mask
11:25:24,Mask
11:25:24,No Mask
11:25:24,No Mask
11:25:24,No Mask
11:25:24,Mask
11:25:24,Mask
11:25:24,No Mask
11:25:24,Mask
11:25:24,No Mask
11:25:24,Mask
11:25:24,No Mask
11:25:24,Mask
11:25:24,No Mask
11:25:24,No Mask
11:25:24,No Mask
11:25:24,Mask
11:25:24,No Mask
11:25:24,Mask
11:25:24,No Mask
11:25:24,No Mask
11:25:24,No Mask
11:25:25,Mask
11:25:25,No Mask
11:25:25,No Mask
11:25:25,No Mask
11:25:25,Mask
11:25:25,No Mask
11:25:25,No Mask
11:25:25,Mask
11:25:25,Mask
11:25:25,Mask
11:25:25,Mask
11:25:25,Mask
11:25:25,Mask
11:25:25,Mask
11:25:25,Mask
11:25:25,Mask
11:25:25,No Mask
11:25:25,No Mask
11:25:26,Mask
11:25:26,No Mask
11:25:26,No Mask
11:25:26,No Mask
11:25:26,No Mask
11:25:26,Mask
11:25:26,No Mask
11:25:26,Mask
11:25:26,Mask
11:25:26,Mask
11:25:26,Mask
11:25:26,Mask
11:25:26,Mask
11:25:26,Mask
11:25:26,Mask
11:25:26,Mask
11:25:26,Mask
11:25:27,Mask
11:25:27,Mask
11:25:27,Mask
11:25:27,Mask
11:25:27,Mask
11:25:27,Mask
11:25:27,Mask
11:25:27,Mask
11:25:27,Mask
11:25:27,Mask
11:25:27,Mask
11:25:27,Mask
11:25:27,Mask
11:25:27,Mask
11:25:27,Mask
11:25:27,Mask
11:25:28,Mask
11:25:28,Mask
11:25:28,Mask
11:25:28,Mask
11:25:28,Mask
11:25:28,Mask
11:25:28,No Mask
11:25:28,Mask
11:25:28,Mask
11:25:28,Mask
11:25:28,Mask
11:25:28,Mask
11:25:28,Mask
11:25:28,Mask
11:25:28,Mask
11:25:28,Mask
11:25:28,Mask
11:25:28,Mask
11:25:28,Mask
11:25:29,Mask
11:25:29,Mask
11:25:29,Mask
11:25:29,Mask
11:25:29,Mask
11:25:29,Mask
11:25:29,Mask
11:25:29,No Mask
11:25:29,Mask
11:25:29,Mask
11:25:29,Mask
11:25:29,Mask
11:25:29,No Mask
11:25:29,Mask
11:25:29,No Mask
11:25:29,Mask
11:25:29,Mask
11:25:29,Mask
11:25:30,Mask
11:25:30,Mask
11:25:30,Mask
11:25:30,Mask
11:25:30,Mask
11:25:30,Mask
11:25:30,Mask
11:25:30,Mask
11:25:30,Mask
11:25:30,Mask
11:25:30,Mask
11:25:30,Mask
11:25:30,Mask
11:25:30,Mask
11:25:30,Mask
11:25:30,Mask
11:25:30,Mask
11:25:31,Mask
11:25:31,Mask
11:25:31,Mask
11:25:31,Mask
11:25:31,Mask
11:25:31,Mask
11:25:31,Mask
11:25:31,Mask
11:25:31,Mask
11:25:31,Mask
11:25:31,Mask
11:25:31,Mask
11:25:31,Mask
11:25:31,Mask
11:25:31,No Mask
11:25:31,Mask
11:25:31,No Mask
11:25:31,No Mask
11:25:31,Mask
11:25:32,Mask
11:25:32,No Mask
11:25:32,Mask
11:25:32,No Mask
11:25:32,Mask
11:25:32,Mask
11:25:32,No Mask
11:25:32,Mask
11:25:32,No Mask
11:25:32,No Mask
11:25:32,No Mask
11:25:32,Mask
11:25:32,Mask
11:25:32,Mask
11:25:32,Mask
11:25:32,Mask
11:25:33,Mask
11:25:33,Mask
11:25:33,Mask
11:25:33,Mask
11:25:33,Mask
11:25:33,Mask
11:25:33,Mask
11:25:33,Mask
11:25:33,Mask
11:25:33,Mask
11:25:33,Mask
11:25:33,Mask
11:25:33,No Mask
11:25:33,No Mask
11:25:33,Mask
11:25:33,Mask
11:25:33,No Mask
11:25:33,Mask
11:25:34,Mask
11:25:34,Mask
11:25:34,Mask
11:25:34,Mask
11:25:34,Mask
11:25:34,Mask
11:25:34,Mask
11:25:34,Mask
11:25:34,Mask
11:25:34,Mask
11:25:34,Mask
11:25:34,Mask
11:25:34,Mask
11:25:34,Mask
11:25:34,Mask
11:25:35,Mask
11:25:35,Mask
11:25:35,Mask
11:25:35,Mask
11:25:35,Mask
11:25:35,Mask
11:25:35,Mask
11:25:35,Mask
11:25:35,Mask
11:25:35,Mask
11:25:35,Mask
11:25:35,Mask
11:25:35,Mask
11:25:35,Mask
11:25:35,Mask
11:25:35,Mask
11:25:35,Mask
11:25:35,Mask
11:25:35,Mask
11:25:35,Mask
11:25:35,Mask
11:25:35,Mask
11:25:35,Mask
11:25:35,Mask
11:25:35,Mask
11:25:35,Mask
11:25:35,Mask
11:25:35,Mask
11:25:35,Mask
11:25:35,Mask
11:25:35,Mask
11:25:35,Mask
11:25:35,Mask
11:25:35,Mask
11:25:36,Mask
11:25:36,Mask
11:25:36,Mask
11:25:36,Mask
11:25:36,No Mask
11:25:36,Mask
11:25:36,Mask
11:25:36,Mask
11:25:36,No Mask
11:25:36,Mask
11:25:36,Mask
11:25:36,Mask
11:25:36,Mask
11:25:36,Mask
11:25:36,Mask
11:25:36,Mask
11:25:36,Mask
11:25:36,Mask
11:25:36,Mask
11:25:36,Mask
11:25:36,Mask
11:25:36,Mask
11:25:36,Mask
11:25:36,Mask
11:25:36,No Mask
11:25:36,Mask
11:25:36,Mask
11:25:36,Mask
11:25:36,Mask
11:25:36,Mask
11:25:36,Mask
11:25:36,Mask
11:25:37,Mask
11:25:37,Mask
11:25:37,Mask
11:25:37,Mask
11:25:37,Mask
11:25:37,Mask
11:25:37,Mask
11:25:37,Mask
11:25:37,Mask
11:25:37,Mask
11:25:37,Mask
11:25:37,Mask
11:25:37,Mask
11:25:37,Mask
11:25:37,Mask
11:25:37,Mask
11:25:37,Mask
11:25:37,Mask
11:25:38,Mask
11:25:38,Mask
11:25:38,Mask
11:25:38,Mask
11:25:38,Mask
11:25:38,Mask
11:25:38,Mask
11:25:38,Mask
11:25:38,Mask
11:25:38,Mask
11:25:38,Mask
11:25:38,Mask
11:25:38,Mask
11:25:38,Mask
11:25:38,Mask
11:25:38,Mask
11:25:38,Mask
11:25:38,Mask
11:25:38,Mask
11:25:38,Mask
11:25:38,Mask
11:25:39,Mask
11:25:39,Mask
11:25:39,Mask
11:25:39,Mask
11:25:39,No Mask
11:25:39,Mask
11:25:39,Mask
11:25:39,Mask
11:25:39,Mask
11:25:39,Mask
11:25:39,Mask
11:25:39,Mask
11:25:39,Mask
11:25:39,Mask
11:25:39,Mask
11:25:39,Mask
11:25:39,Mask
11:25:39,Mask
11:25:39,Mask
11:25:39,No Mask
11:25:40,Mask
11:25:40,Mask
11:25:40,Mask
11:25:40,Mask
11:25:40,Mask
11:25:40,No Mask
11:25:40,No Mask
11:25:40,No Mask
11:25:40,Mask
11:25:40,Mask
11:25:40,Mask
11:25:40,Mask
11:25:40,Mask
11:25:40,Mask
11:25:40,Mask
11:25:40,Mask
11:25:40,Mask
11:25:41,Mask
11:25:41,Mask
11:25:41,Mask
11:25:41,Mask
11:25:41,Mask
11:25:41,Mask
11:25:41,Mask
11:25:41,Mask
11:25:41,Mask
11:25:41,Mask
11:25:41,Mask
11:25:41,Mask
11:25:41,Mask
11:25:41,Mask
11:25:41,Mask
11:25:41,Mask
11:25:41,Mask
11:25:41,Mask
11:25:41,Mask
11:25:41,No Mask
11:25:41,Mask
11:25:41,No Mask
11:25:41,Mask
11:25:41,Mask
11:25:41,No Mask
11:25:41,Mask
11:25:41,No Mask
11:25:41,Mask
11:25:41,No Mask
11:25:41,Mask
11:25:41,No Mask
11:25:41,Mask
11:25:41,Mask
11:25:42,Mask
11:25:42,Mask
11:25:42,Mask
11:25:42,Mask
11:25:42,No Mask
11:25:42,Mask
11:25:42,Mask
11:25:42,Mask
11:25:42,Mask
11:25:42,Mask
11:25:42,Mask
11:25:42,Mask
11:25:42,Mask
11:25:42,Mask
11:25:42,Mask
11:25:42,No Mask
11:25:42,Mask
11:25:42,Mask
11:25:42,No Mask
11:25:42,No Mask
11:25:42,Mask
11:25:42,Mask
11:25:42,Mask
11:25:42,Mask
11:25:42,Mask
11:25:42,No Mask
11:25:42,Mask
11:25:42,Mask
11:25:42,Mask
11:25:42,Mask
11:25:42,Mask
11:25:42,Mask
11:25:42,Mask
11:25:43,Mask
11:25:43,Mask
11:25:43,Mask
11:25:43,Mask
11:25:43,Mask
11:25:43,Mask
11:25:43,Mask
11:25:43,Mask
11:25:43,Mask
11:25:43,Mask
11:25:43,Mask
11:25:43,Mask
11:25:43,Mask
11:25:43,Mask
11:25:43,Mask
11:25:43,No Mask
11:25:43,No Mask
11:25:43,Mask
11:25:43,Mask
11:25:43,Mask
11:25:43,Mask
11:25:43,Mask
11:25:43,Mask
11:25:43,Mask
11:25:43,No Mask
11:25:43,Mask
11:25:43,No Mask
11:25:43,Mask
11:25:43,No Mask
11:25:43,No Mask
11:25:43,No Mask
11:25:44,Mask
11:25:44,No Mask
11:25:44,Mask
11:25:44,No Mask
11:25:44,Mask
11:25:44,No Mask
11:25:44,No Mask
11:25:44,Mask
11:25:44,No Mask
11:25:44,No Mask
11:25:44,Mask
11:25:44,No Mask
11:25:44,No Mask
11:25:44,Mask
11:25:44,No Mask
11:25:44,No Mask
11:25:44,No Mask
11:25:44,Mask
11:25:44,No Mask
11:25:44,Mask
11:25:44,No Mask
11:25:44,No Mask
11:25:44,Mask
11:25:44,No Mask
11:25:44,Mask
11:25:44,No Mask
11:25:44,No Mask
11:25:44,Mask
11:25:44,No Mask
11:25:44,No Mask
11:25:44,No Mask
11:25:44,Mask
11:25:44,No Mask
11:25:44,Mask
11:25:44,No Mask
11:25:44,No Mask
11:25:44,Mask
11:25:44,Mask
11:25:44,Mask
11:25:44,Mask
11:25:45,Mask
11:25:45,No Mask
11:25:45,Mask
11:25:45,Mask
11:25:45,Mask
11:25:45,Mask
11:25:45,Mask
11:25:45,Mask
11:25:45,Mask
11:25:45,Mask
11:25:45,Mask
11:25:45,No Mask
11:25:45,Mask
11:25:45,Mask
11:25:45,Mask
11:25:45,No Mask
11:25:45,Mask
11:25:45,No Mask
11:25:45,Mask
11:25:45,No Mask
11:25:45,No Mask
11:25:45,Mask
11:25:45,No Mask
11:25:45,Mask
11:25:45,Mask
11:25:45,Mask
11:25:45,Mask
11:25:45,No Mask
11:25:45,Mask
11:25:45,Mask
11:25:45,Mask
11:25:45,No Mask
11:25:45,No Mask
11:25:45,No Mask
11:25:45,Mask
11:25:45,Mask
11:25:46,No Mask
11:25:46,No Mask
11:25:46,No Mask
11:25:46,Mask
11:25:46,No Mask
11:25:46,Mask
11:25:46,No Mask
11:25:46,Mask
11:25:46,No Mask
11:25:46,No Mask
11:25:46,No Mask
11:25:46,Mask
11:25:46,No Mask
11:25:46,Mask
11:25:46,No Mask
11:25:46,Mask
11:25:46,No Mask
11:25:46,No Mask
11:25:46,No Mask
11:25:46,Mask
11:25:46,No Mask
11:25:46,No Mask
11:25:46,No Mask
11:25:46,No Mask
11:25:46,No Mask
11:25:46,No Mask
11:25:46,No Mask
11:25:46,Mask
11:25:46,No Mask
11:25:46,Mask
11:25:47,No Mask
11:25:47,Mask
11:25:47,No Mask
11:25:47,Mask
11:25:47,No Mask
11:25:47,Mask
11:25:47,No Mask
11:25:47,No Mask
11:25:47,No Mask
11:25:47,Mask
11:25:47,No Mask
11:25:47,No Mask
11:25:47,No Mask
11:25:47,No Mask
11:25:47,No Mask
11:25:47,No Mask
11:25:47,No Mask
11:25:47,No Mask
11:25:47,No Mask
11:25:47,No Mask
11:25:47,No Mask
11:25:47,No Mask
11:25:47,No Mask
11:25:47,No Mask
11:25:47,No Mask
11:25:47,No Mask
11:25:47,No Mask
11:25:47,No Mask
11:25:47,No Mask
11:25:47,No Mask
11:25:47,No Mask
11:25:47,No Mask
11:25:48,Mask
11:25:48,Mask
11:25:48,No Mask
11:25:48,No Mask
11:25:48,No Mask
11:25:48,No Mask
11:25:48,No Mask
11:25:48,No Mask
11:25:48,No Mask
11:25:48,No Mask
11:25:48,No Mask
11:25:48,No Mask
11:25:48,No Mask
11:25:48,Mask
11:25:48,No Mask
11:25:48,No Mask
11:25:48,No Mask
11:25:48,No Mask
11:25:48,No Mask
11:25:48,No Mask
11:25:48,No Mask
11:25:48,No Mask
11:25:48,No Mask
11:25:48,Mask
11:25:48,No Mask
11:25:48,No Mask
11:25:48,No Mask
11:25:48,Mask
11:25:48,No Mask
11:25:48,No Mask
11:25:48,No Mask
11:25:48,No Mask
11:25:49,No Mask
11:25:49,No Mask
11:25:49,No Mask
11:25:49,No Mask
11:25:49,No Mask
11:25:49,No Mask
11:25:49,No Mask
11:25:49,No Mask
11:25:49,No Mask
11:25:49,No Mask
11:25:49,No Mask
11:25:49,No Mask
11:25:49,No Mask
11:25:49,No Mask
11:25:49,No Mask
11:25:49,No Mask
11:25:49,No Mask
11:25:49,No Mask
11:25:49,No Mask
11:25:49,No Mask
11:25:49,No Mask
11:25:49,No Mask
11:25:49,No Mask
11:25:49,No Mask
11:25:49,No Mask
11:25:49,No Mask
11:25:49,No Mask
11:25:49,No Mask
11:25:49,No Mask
11:25:49,No Mask
11:25:49,No Mask
11:25:49,No Mask
11:25:49,Mask
11:25:49,No Mask
11:25:49,No Mask
11:25:49,No Mask
11:25:49,No Mask
11:25:49,No Mask
11:25:49,No Mask
11:25:49,No Mask
11:25:49,No Mask
11:25:50,No Mask
11:25:50,Mask
11:25:50,No Mask
11:25:50,No Mask
11:25:50,No Mask
11:25:50,Mask
11:25:50,No Mask
11:25:50,No Mask
11:25:50,No Mask
11:25:50,No Mask
11:25:50,No Mask
11:25:50,No Mask
11:25:50,No Mask
11:25:50,No Mask
11:25:50,Mask
11:25:50,Mask
11:25:50,No Mask
11:25:50,No Mask
11:25:50,No Mask
11:25:50,Mask
11:25:50,No Mask
11:25:50,Mask
11:25:50,No Mask
11:25:50,Mask
11:25:50,No Mask
11:25:50,Mask
11:25:50,No Mask
11:25:50,No Mask
11:25:50,Mask
11:25:50,Mask
11:25:50,No Mask
11:25:50,No Mask
11:25:50,No Mask
11:25:50,No Mask
11:25:50,No Mask
11:25:50,No Mask
11:25:50,Mask
11:25:50,No Mask
11:25:50,No Mask
11:25:50,Mask
11:25:50,No Mask
11:25:50,No Mask
11:25:50,No Mask
11:25:50,Mask
11:25:50,Mask
11:25:50,No Mask
11:25:50,Mask
11:25:50,Mask
11:25:50,No Mask
11:25:51,Mask
11:25:51,No Mask
11:25:51,No Mask
11:25:51,Mask
11:25:51,No Mask
11:25:51,Mask
11:25:51,No Mask
11:25:51,No Mask
11:25:51,Mask
11:25:51,No Mask
11:25:51,No Mask
11:25:51,No Mask
11:25:51,No Mask
11:25:51,No Mask
11:25:51,Mask
11:25:51,No Mask
11:25:51,Mask
11:25:51,Mask
11:25:51,No Mask
11:25:51,No Mask
11:25:51,No Mask
11:25:51,Mask
11:25:51,Mask
11:25:51,No Mask
11:25:51,No Mask
11:25:51,No Mask
11:25:51,No Mask
11:25:51,No Mask
11:25:51,No Mask
11:25:52,No Mask
11:25:52,No Mask
11:25:52,No Mask
11:25:52,Mask
11:25:52,No Mask
11:25:52,Mask
11:25:52,No Mask
11:25:52,No Mask
11:25:52,Mask
11:25:52,No Mask
11:25:52,No Mask
11:25:52,No Mask
11:25:52,No Mask
11:25:52,Mask
11:25:52,Mask
11:25:52,Mask
11:25:52,Mask
11:25:52,No Mask
11:25:52,Mask
11:25:52,Mask
11:25:52,No Mask
11:25:52,Mask
11:25:52,Mask
11:25:52,Mask
11:25:52,No Mask
11:25:52,Mask
11:25:52,Mask
11:25:53,No Mask
11:25:53,No Mask
11:25:53,Mask
11:25:53,Mask
11:25:53,No Mask
11:25:53,No Mask
11:25:53,No Mask
11:25:53,No Mask
11:25:53,No Mask
11:25:53,No Mask
11:25:53,No Mask
11:25:53,No Mask
11:25:53,No Mask
11:25:53,Mask
11:25:53,No Mask
11:25:53,No Mask
11:25:53,Mask
11:25:53,No Mask
11:25:53,No Mask
11:25:53,No Mask
11:25:53,Mask
11:25:53,Mask
11:25:53,No Mask
11:25:53,Mask
11:25:53,No Mask
11:25:53,Mask
11:25:53,No Mask
11:25:53,Mask
11:25:53,Mask
11:25:53,No Mask
11:25:53,Mask
11:25:53,Mask
11:25:53,No Mask
11:25:53,Mask
11:25:53,No Mask
11:25:53,Mask
11:25:53,No Mask
11:25:53,No Mask
11:25:53,Mask
11:25:53,Mask
11:25:53,Mask
11:25:53,Mask
11:25:53,No Mask
11:25:54,Mask
11:25:54,Mask
11:25:54,No Mask
11:25:54,No Mask
11:25:54,Mask
11:25:54,No Mask
11:25:54,Mask
11:25:54,No Mask
11:25:54,Mask
11:25:54,No Mask
11:25:54,Mask
11:25:54,Mask
11:25:54,No Mask
11:25:54,No Mask
11:25:54,No Mask
11:25:54,Mask
11:25:54,No Mask
11:25:54,Mask
11:25:54,No Mask
11:25:54,Mask
11:25:54,Mask
11:25:54,No Mask
11:25:54,No Mask
11:25:54,Mask
11:25:54,Mask
11:25:54,Mask
11:25:54,Mask
11:25:54,Mask
11:25:54,No Mask
11:25:54,Mask
11:25:54,Mask
11:25:54,No Mask
11:25:54,No Mask
11:25:54,Mask
11:25:54,Mask
11:25:54,Mask
11:25:54,No Mask
11:25:54,Mask
11:25:54,Mask
11:25:55,Mask
11:25:55,Mask
11:25:55,Mask
11:25:55,Mask
11:25:55,Mask
11:25:55,Mask
11:25:55,Mask
11:25:55,Mask
11:25:55,Mask
11:25:55,Mask
11:25:55,Mask
11:25:55,Mask
11:25:55,Mask
11:25:55,Mask
11:25:55,Mask
11:25:55,No Mask
11:25:55,Mask
11:25:55,Mask
11:25:55,Mask
11:25:55,Mask
11:25:55,No Mask
11:25:55,No Mask
11:25:55,Mask
11:25:55,No Mask
11:25:55,Mask
11:25:55,Mask
11:25:55,Mask
11:25:55,Mask
11:25:55,Mask
11:25:55,No Mask
11:25:55,Mask
11:25:55,Mask
11:25:55,Mask
11:25:55,Mask
11:25:55,Mask
11:25:55,Mask
11:25:55,Mask
11:25:55,Mask
11:25:55,Mask
11:25:56,Mask
11:25:56,Mask
11:25:56,No Mask
11:25:56,Mask
11:25:56,Mask
11:25:56,No Mask
11:25:56,Mask
11:25:56,Mask
11:25:56,Mask
11:25:56,No Mask
11:25:56,Mask
11:25:56,Mask
11:25:56,Mask
11:25:56,Mask
11:25:56,Mask
11:25:56,No Mask
11:25:56,Mask
11:25:56,Mask
11:25:56,No Mask
11:25:56,Mask
11:25:56,No Mask
11:25:56,No Mask
11:25:56,Mask
11:25:56,Mask
11:25:56,No Mask
11:25:56,Mask
11:25:56,Mask
11:25:56,Mask
11:25:56,Mask
11:25:56,Mask
11:25:56,Mask
11:25:56,Mask
11:25:56,Mask
11:25:56,Mask
11:25:56,No Mask
11:25:56,Mask
11:25:56,Mask
11:25:57,No Mask
11:25:57,No Mask
11:25:57,Mask
11:25:57,No Mask
11:25:57,No Mask
11:25:57,Mask
11:25:57,Mask
11:25:57,No Mask
11:25:57,Mask
11:25:57,Mask
11:25:57,No Mask
11:25:57,Mask
11:25:57,No Mask
11:25:57,No Mask
11:25:57,Mask
11:25:57,Mask
11:25:57,No Mask
11:25:57,Mask
11:25:57,No Mask
11:25:57,No Mask
11:25:57,Mask
11:25:57,No Mask
11:25:57,No Mask
11:25:57,Mask
11:25:57,Mask
11:25:57,No Mask
11:25:57,Mask
11:25:57,Mask
11:25:57,No Mask
11:25:57,Mask
11:25:57,No Mask
11:25:57,No Mask
11:25:57,No Mask
11:25:57,No Mask
11:25:57,No Mask
11:25:58,No Mask
11:25:58,No Mask
11:25:58,Mask
11:25:58,No Mask
11:25:58,Mask
11:25:58,No Mask
11:25:58,No Mask
11:25:58,Mask
11:25:58,Mask
11:25:58,No Mask
11:25:58,No Mask
11:25:58,Mask
11:25:58,No Mask
11:25:58,No Mask
11:25:58,No Mask
11:25:58,Mask
11:25:58,Mask
11:25:58,Mask
11:25:58,No Mask
11:25:58,Mask
11:25:58,Mask
11:25:58,Mask
11:25:58,No Mask
11:25:58,No Mask
11:25:58,No Mask
11:25:58,No Mask
11:25:58,No Mask
11:25:58,Mask
11:25:58,No Mask
11:25:58,No Mask
11:25:58,No Mask
11:25:58,Mask
11:25:58,Mask
11:25:58,Mask
11:25:58,No Mask
11:25:58,Mask
11:25:58,No Mask
11:25:58,No Mask
11:25:58,Mask
11:25:58,Mask
11:25:58,No Mask
11:25:58,No Mask
11:25:58,Mask
11:25:58,No Mask
11:25:58,No Mask
11:25:59,Mask
11:25:59,Mask
11:25:59,No Mask
11:25:59,No Mask
11:25:59,Mask
11:25:59,No Mask
11:25:59,No Mask
11:25:59,Mask
11:25:59,No Mask
11:25:59,No Mask
11:25:59,Mask
11:25:59,No Mask
11:25:59,No Mask
11:25:59,Mask
11:25:59,No Mask
11:25:59,No Mask
11:25:59,Mask
11:25:59,Mask
11:25:59,No Mask
11:25:59,No Mask
11:25:59,No Mask
11:25:59,No Mask
11:25:59,Mask
11:25:59,Mask
11:25:59,No Mask
11:25:59,Mask
11:25:59,No Mask
11:25:59,No Mask
11:25:59,No Mask
11:25:59,No Mask
11:25:59,No Mask
11:25:59,No Mask
11:25:59,No Mask
11:25:59,No Mask
11:25:59,No Mask
11:25:59,No Mask
11:25:59,No Mask
11:26:00,No Mask
11:26:00,No Mask
11:26:00,Mask
11:26:00,No Mask
11:26:00,No Mask
11:26:00,No Mask
11:26:00,Mask
11:26:00,No Mask
11:26:00,No Mask
11:26:00,No Mask
11:26:00,No Mask
11:26:00,No Mask
11:26:00,Mask
11:26:00,No Mask
11:26:00,No Mask
11:26:00,No Mask
11:26:00,No Mask
11:26:00,No Mask
11:26:00,No Mask
11:26:00,No Mask
11:26:00,No Mask
11:26:00,Mask
11:26:00,Mask
11:26:00,No Mask
11:26:00,Mask
11:26:00,No Mask
11:26:00,No Mask
11:26:00,No Mask
11:26:00,Mask
11:26:00,No Mask
11:26:00,Mask
11:26:00,Mask
11:26:00,No Mask
11:26:00,Mask
11:26:00,No Mask
11:26:00,Mask
11:26:00,Mask
11:26:01,No Mask
11:26:01,No Mask
11:26:01,Mask
11:26:01,No Mask
11:26:01,No Mask
11:26:01,Mask
11:26:01,No Mask
11:26:01,No Mask
11:26:01,Mask
11:26:01,Mask
11:26:01,No Mask
11:26:01,No Mask
11:26:01,Mask
11:26:01,No Mask
11:26:01,Mask
11:26:01,Mask
11:26:01,Mask
11:26:01,Mask
11:26:01,No Mask
11:26:01,Mask
11:26:01,Mask
11:26:01,Mask
11:26:01,Mask
11:26:01,No Mask
11:26:01,Mask
11:26:01,No Mask
11:26:01,Mask
11:26:01,Mask
11:26:01,Mask
11:26:01,No Mask
11:26:01,Mask
11:26:01,Mask
11:26:01,Mask
11:26:01,No Mask
11:26:01,Mask
11:26:01,Mask
11:26:01,No Mask
11:26:01,No Mask
11:26:01,No Mask
11:26:01,No Mask
11:26:01,Mask
11:26:01,No Mask
11:26:01,No Mask
11:26:01,Mask
11:26:01,No Mask
11:26:01,No Mask
11:26:02,No Mask
11:26:02,Mask
11:26:02,Mask
11:26:02,No Mask
11:26:02,No Mask
11:26:02,Mask
11:26:02,Mask
11:26:02,No Mask
11:26:02,No Mask
11:26:02,No Mask
11:26:02,Mask
11:26:02,No Mask
11:26:02,No Mask
11:26:02,Mask
11:26:02,Mask
11:26:02,No Mask
11:26:02,No Mask
11:26:02,No Mask
11:26:02,Mask
11:26:02,Mask
11:26:02,Mask
11:26:02,No Mask
11:26:02,No Mask
11:26:02,Mask
11:26:02,Mask
11:26:02,Mask
11:26:02,No Mask
11:26:02,Mask
11:26:02,No Mask
11:26:02,Mask
11:26:02,Mask
11:26:02,Mask
11:26:02,No Mask
11:26:02,No Mask
11:26:02,No Mask
11:26:02,Mask
11:26:02,No Mask
11:26:02,No Mask
11:26:02,No Mask
11:26:02,Mask
11:26:02,No Mask
11:26:02,No Mask
11:26:02,No Mask
11:26:02,No Mask
11:26:03,Mask
11:26:03,No Mask
11:26:03,No Mask
11:26:03,Mask
11:26:03,No Mask
11:26:03,No Mask
11:26:03,No Mask
11:26:03,Mask
11:26:03,No Mask
11:26:03,Mask
11:26:03,No Mask
11:26:03,Mask
11:26:03,No Mask
11:26:03,No Mask
11:26:03,No Mask
11:26:03,Mask
11:26:03,No Mask
11:26:03,No Mask
11:26:03,No Mask
11:26:03,Mask
11:26:03,No Mask
11:26:03,No Mask
11:26:03,Mask
11:26:03,No Mask
11:26:03,No Mask
11:26:03,Mask
11:26:03,No Mask
11:26:03,No Mask
11:26:03,Mask
11:26:03,No Mask
11:26:03,No Mask
11:26:03,Mask
11:26:03,No Mask
11:26:04,No Mask
11:26:04,Mask
11:26:04,No Mask
11:26:04,No Mask
11:26:04,Mask
11:26:04,No Mask
11:26:04,No Mask
11:26:04,Mask
11:26:04,No Mask
11:26:04,No Mask
11:26:04,Mask
11:26:04,No Mask
11:26:04,No Mask
11:26:04,Mask
11:26:04,No Mask
11:26:04,Mask
11:26:04,Mask
11:26:04,No Mask
11:26:04,No Mask
11:26:04,Mask
11:26:04,No Mask
11:26:04,Mask
11:26:04,Mask
11:26:04,No Mask
11:26:04,Mask
11:26:04,Mask
11:26:04,No Mask
11:26:04,Mask
11:26:04,No Mask
11:26:04,Mask
11:26:05,Mask
11:26:05,No Mask
11:26:05,Mask
11:26:05,No Mask
11:26:05,Mask
11:26:05,No Mask
11:26:05,No Mask
11:26:05,Mask
11:26:05,Mask
11:26:05,No Mask
11:26:05,Mask
11:26:05,No Mask
11:26:05,Mask
11:26:05,No Mask
11:26:05,Mask
11:26:05,Mask
11:26:05,No Mask
11:26:05,No Mask
11:26:05,Mask
11:26:05,No Mask
11:26:05,Mask
11:26:05,Mask
11:26:05,No Mask
11:26:05,No Mask
11:26:05,No Mask
11:26:05,No Mask
11:26:06,No Mask
11:26:06,No Mask
11:26:06,No Mask
11:26:06,No Mask
11:26:06,Mask
11:26:06,Mask
11:26:06,No Mask
11:26:06,No Mask
11:26:06,Mask
11:26:06,No Mask
11:26:06,Mask
11:26:06,No Mask
11:26:06,No Mask
11:26:06,No Mask
11:26:06,Mask
11:26:06,No Mask
11:26:06,No Mask
11:26:06,Mask
11:26:06,No Mask
11:26:06,Mask
11:26:06,No Mask
11:26:06,No Mask
11:26:06,No Mask
11:26:06,Mask
11:26:06,No Mask
11:26:06,No Mask
11:26:06,No Mask
11:26:06,Mask
11:26:06,No Mask
11:26:06,No Mask
11:26:06,Mask
11:26:06,No Mask
11:26:06,Mask
11:26:06,No Mask
11:26:06,No Mask
11:26:06,No Mask
11:26:06,Mask
11:26:06,No Mask
11:26:07,No Mask
11:26:07,Mask
11:26:07,No Mask
11:26:07,No Mask
11:26:07,No Mask
11:26:07,Mask
11:26:07,No Mask
11:26:07,No Mask
11:26:07,Mask
11:26:07,No Mask
11:26:07,No Mask
